BANC,MANC,MAOL
720575941504552898,14624,97968
720575941432254222,23922,11188
720575941440284245,14902,38421
720575941561749805,14203,50376
720575941488799689,16227,76501
720575941603036601,16330,71518
720575941643279816,16839,72803
720575941520689075,17319,37123
